n,Product,Category,Price for High Copy ,,Compatible Part Numbers,Compatible Model
1,Latitude E6540  Keyboard,Keyboard,850,,,
2,6MT4T High Copy Battery,Battery,1100,,"6MT4T - 0D074 - 451-BBVS - G69HJ - 79VRK - VXT50 - J8FXW - 451-BBUS - HK6DV - K3JK9 - 451-BBPC - 451-BBPV - CHWGG - 451-BBSK - KHWXC - 451-BBUQ - TXF9M
","Dell Latitude E5450
Dell Latitude E5470
Dell Latitude E5550
Dell Latitude E5570
Dell Precision 3510
Dell Latitude E5270
"
3,6MT4T Original Battery,Battery,1850,,,
4,HP 15-bs Keyboard,Keyboard,450,,,
5,Ideabad 330-15ikb Hosing (C+D),Hosing,1500,,,
6,Ideabad 330-15ikb KB HC,Keyboard,550,,,
7,Ideabad 330-15ikb KB Or,Keyboard,1100,,,
8,Elitebook 840 G7 Original Keyboard,Keyboard,1850,,,
9,Elitebook 840 G7 HC Keyboard,Keyboard,1300,,,
10,C103XL High Copy Battery,Battery,1100,,,
11,C103XL Original Battery,Battery,1850,,,
12,Probook 450 g3 Battery,Battery,950,,,
13,Probook 640 G2 HC KB,Keyboard,550,,,
14,Ideabad 110-15isk Hosing (A+B),Hosing,1250,,,
15,Dell G3 3500 Hosing (CD),Hosing,1750,,,
16,Dell G3 3500 Hosing (D),Hosing,1000,,,
17,Dell G3 3500 Or KB,Keyboard,1850,,,
18,Dell G3 3500 HC KB,Keyboard,1450,,,
19,YRDD6 HC Battery,Battery,1100,,,
20,YRDD6 Or Battery,Battery,1850,,,
21,WDX0R HC Battery,Battery,1100,,,
22,WDX0R Or Battery,Battery,1850,,,
23,Latitude 7400 Battery,Battery,,,,
24,Precision 5530 Battery Or Big,Battery,2550,,,
25,Precision 5530 Battery Or Smil,Battery,,,,
26,Precision 5530 Battery HC Big,Battery,1850,,,
27,Precision 5530 KB Or,Keyboard,1850,,,
28,Precision 5530 KB HC,Keyboard,1450,,,
29,EliteBook 850 G6 KB HC,Keyboard,950,,,
30,Zbook 15 G2 KB HC,Keyboard,850,,,
31,Zbook 15 G2 Battery HC,Battery,1100,,,
32,K5XWW Original Battery for 7390,Battery,1850,,,
33,Dell G5 5590 Fan 5V,FAN,1650,,,
34,Dell xps 13 9365 Battery,Battery,2650,,,
35,Acer Netro 135W Original,Charger,1450,,,
36,CI03XL Battery Original,Battery,1850,,,
37,CI03XL Battery HC,Battery,1100,,,
38,Latitude 7480 KB,Keyboard,1450,,,
39,Latitude e7440 battery HC,Battery,950,,,
40,Inspiron 3510 KB HC,Keyboard,1450,,,
41,Inspiron 3510 KB Orig,Keyboard,1850,,,
42,Latitude 7420 Original Battery 7FMXV,Battery,2200,,,
43,HP Zbook 17 G3 KB Original,Keyboard,1650,,,
44,33YDH Battery HC,Battery,1100,,,
45,33YDH Battery Original,Battery,1850,,,
46,,,,,,
47,,,,,,
48,,,,,,
49,,,,,,
50,,,,,,
51,,,,,,
52,,,,,,
53,,,,,,
54,,,,,,
55,,,,,,
56,,,,,,
57,,,,,,
58,,,,,,
59,,,,,,
60,,,,,,
61,,,,,,
62,,,,,,
63,,,,,,
64,,,,,,
65,,,,,,
66,,,,,,
67,,,,,,
68,,,,,,
69,,,,,,
70,,,,,,
71,,,,,,
72,,,,,,
73,,,,,,
74,,,,,,
75,,,,,,
76,,,,,,
77,,,,,,
78,,,,,,
79,,,,,,
80,,,,,,
81,,,,,,
82,,,,,,
74,,,,,,
75,,,,,,
76,,,,,,
77,,,,,,
78,,,,,,
79,,,,,,
80,,,,,,
81,,,,,,
82,,,,,,
83,,,,,,
84,,,,,,
85,,,,,,
86,,,,,,
87,,,,,,
88,,,,,,
89,,,,,,
90,,,,,,
91,,,,,,
92,,,,,,
93,,,,,,
94,,,,,,
95,,,,,,
96,,,,,,
97,,,,,,
98,,,,,,
99,,,,,,
100,,,,,,
101,,,,,,
102,,,,,,
103,,,,,,
104,,,,,,
105,,,,,,
106,,,,,,
107,,,,,,
108,,,,,,
109,,,,,,
110,,,,,,
111,,,,,,
112,,,,,,
113,,,,,,
114,,,,,,
115,,,,,,
116,,,,,,
117,,,,,,
118,,,,,,
119,,,,,,
120,,,,,,
